{
    "metrics": {
        "http_req_sending": {
            "avg": 0.0762,
            "min": 0.015,
            "med": 0.029,
            "max": 0.186,
            "p(90)": 0.1648,
            "p(95)": 0.1754
        },
        "http_req_failed": {
            "passes": 0,
            "fails": 5,
            "thresholds": {
                "rate<0.01": false
            },
            "value": 0
        },
        "http_req_tls_handshaking": {
            "max": 0,
            "p(90)": 0,
            "p(95)": 0,
            "avg": 0,
            "min": 0,
            "med": 0
        },
        "http_req_blocked": {
            "min": 0.004,
            "med": 0.005,
            "max": 2.774,
            "p(90)": 1.6672000000000002,
            "p(95)": 2.2205999999999992,
            "avg": 0.5589999999999999
        },
        "data_received": {
            "count": 8175,
            "rate": 1504.2203731607342
        },
        "http_req_duration{expected_response:true}": {
            "avg": 85.451,
            "min": 79.843,
            "med": 83.831,
            "max": 97.944,
            "p(90)": 92.6176,
            "p(95)": 95.2808
        },
        "http_req_receiving": {
            "max": 0.131,
            "p(90)": 0.1242,
            "p(95)": 0.1276,
            "avg": 0.08399999999999999,
            "min": 0.052,
            "med": 0.067
        },
        "http_req_waiting": {
            "med": 83.702,
            "max": 97.744,
            "p(90)": 92.4652,
            "p(95)": 95.10459999999999,
            "avg": 85.29079999999999,
            "min": 79.769
        },
        "iteration_duration": {
            "med": 1084.447667,
            "max": 1101.411542,
            "p(90)": 1094.8102752,
            "p(95)": 1098.1109086000001,
            "avg": 1086.7948336000002,
            "min": 1081.149167
        },
        "iterations": {
            "count": 5,
            "rate": 0.9200124606487671
        },
        "checks": {
            "passes": 10,
            "fails": 0,
            "value": 1
        },
        "vus": {
            "min": 1,
            "max": 1,
            "value": 1
        },
        "http_req_connecting": {
            "min": 0,
            "med": 0,
            "max": 0.218,
            "p(90)": 0.13080000000000003,
            "p(95)": 0.17439999999999997,
            "avg": 0.0436
        },
        "vus_max": {
            "value": 1,
            "min": 1,
            "max": 1
        },
        "data_sent": {
            "count": 955,
            "rate": 175.72237998391452
        },
        "http_req_duration": {
            "avg": 85.451,
            "min": 79.843,
            "med": 83.831,
            "max": 97.944,
            "p(90)": 92.6176,
            "p(95)": 95.2808,
            "thresholds": {
                "p(95)<800": false
            }
        },
        "http_reqs": {
            "count": 5,
            "rate": 0.9200124606487671
        }
    },
    "root_group": {
        "id": "d41d8cd98f00b204e9800998ecf8427e",
        "groups": {},
        "checks": {
                "login: status is 2xx": {
                    "name": "login: status is 2xx",
                    "path": "::login: status is 2xx",
                    "id": "bc3524e41cf2fcb619ae6c3a336e4601",
                    "passes": 5,
                    "fails": 0
                },
                "login: body is present": {
                    "passes": 5,
                    "fails": 0,
                    "name": "login: body is present",
                    "path": "::login: body is present",
                    "id": "4ccd6cab3e862bca6a380ade1b197255"
                }
            },
        "name": "",
        "path": ""
    }
}