{
    "metrics": {
        "http_req_sending": {
            "p(95)": 0.038,
            "avg": 0.02108247422680407,
            "min": 0.003,
            "med": 0.013,
            "max": 1.022,
            "p(90)": 0.03
        },
        "http_reqs": {
            "rate": 9.573883551110672,
            "count": 291
        },
        "iterations": {
            "count": 290,
            "rate": 9.540983607636065
        },
        "http_req_failed": {
            "passes": 0,
            "fails": 291,
            "thresholds": {
                "rate<0.01": false
            },
            "value": 0
        },
        "http_req_receiving": {
            "avg": 0.04241237113402061,
            "min": 0.007,
            "med": 0.035,
            "max": 0.399,
            "p(90)": 0.068,
            "p(95)": 0.09499999999999992
        },
        "http_req_duration{expected_response:true}": {
            "min": 18.999,
            "med": 39.276,
            "max": 147.678,
            "p(90)": 57.256,
            "p(95)": 70.62449999999993,
            "avg": 43.533711340206175
        },
        "vus_max": {
            "min": 10,
            "max": 10,
            "value": 10
        },
        "http_req_connecting": {
            "p(95)": 0,
            "avg": 0.014529209621993127,
            "min": 0,
            "med": 0,
            "max": 0.66,
            "p(90)": 0
        },
        "http_req_waiting": {
            "min": 18.944,
            "med": 39.214,
            "max": 147.633,
            "p(90)": 57.2,
            "p(95)": 70.53899999999993,
            "avg": 43.47021649484535
        },
        "data_sent": {
            "rate": 8390.472584329053,
            "count": 255030
        },
        "vus": {
            "value": 10,
            "min": 10,
            "max": 10
        },
        "http_req_tls_handshaking": {
            "avg": 0,
            "min": 0,
            "med": 0,
            "max": 0,
            "p(90)": 0,
            "p(95)": 0
        },
        "checks": {
            "passes": 872,
            "fails": 0,
            "value": 1
        },
        "http_req_blocked": {
            "p(90)": 0.007,
            "p(95)": 0.019499999999999986,
            "avg": 0.020666666666666604,
            "min": 0.001,
            "med": 0.003,
            "max": 0.691
        },
        "iteration_duration": {
            "p(95)": 1071.63322935,
            "avg": 1044.440472693103,
            "min": 1019.284375,
            "med": 1040.732979,
            "max": 1149.679458,
            "p(90)": 1058.5056958
        },
        "http_req_duration": {
            "p(95)": 70.62449999999993,
            "avg": 43.533711340206175,
            "min": 18.999,
            "med": 39.276,
            "max": 147.678,
            "p(90)": 57.256,
            "thresholds": {
                "p(95)<1500": false
            }
        },
        "data_received": {
            "count": 373106,
            "rate": 12275.166310036764
        }
    },
    "root_group": {
        "name": "",
        "path": "",
        "id": "d41d8cd98f00b204e9800998ecf8427e",
        "groups": {
            "setup": {
                "name": "setup",
                "path": "::setup",
                "id": "5c0f8025f7e0b6654089e5b00e950f1a",
                "groups": {},
                "checks": {
                        "login: status is 2xx": {
                            "passes": 1,
                            "fails": 0,
                            "name": "login: status is 2xx",
                            "path": "::setup::login: status is 2xx",
                            "id": "4d023576b21d1ff54982f33f6e2f4524"
                        },
                        "login: body is present": {
                            "id": "17f2b849d87360498fb6578d32a767ee",
                            "passes": 1,
                            "fails": 0,
                            "name": "login: body is present",
                            "path": "::setup::login: body is present"
                        }
                    }
            }
        },
        "checks": {
            "command dry-run: status is 2xx": {
                "path": "::command dry-run: status is 2xx",
                "id": "33fab125fa74ed8fd8c780b5c6f1723f",
                "passes": 290,
                "fails": 0,
                "name": "command dry-run: status is 2xx"
            },
            "command dry-run: body is present": {
                "path": "::command dry-run: body is present",
                "id": "c84777a403f274670aa2f9831aa3be66",
                "passes": 290,
                "fails": 0,
                "name": "command dry-run: body is present"
            },
            "command dry-run: API success flag/code is acceptable": {
                "name": "command dry-run: API success flag/code is acceptable",
                "path": "::command dry-run: API success flag/code is acceptable",
                "id": "6c3c5ac528e287839f467291961dcc97",
                "passes": 290,
                "fails": 0
            }
        }
    }
}
