{
    "metrics": {
        "http_req_waiting": {
            "p(90)": 46.037,
            "p(95)": 55.467,
            "avg": 30.52307973421926,
            "min": 14.472,
            "med": 27.402,
            "max": 76.94
        },
        "data_received": {
            "count": 6038515,
            "rate": 194629.0257826978
        },
        "http_req_duration{expected_response:true}": {
            "min": 14.709,
            "med": 27.571,
            "max": 77.017,
            "p(90)": 46.297,
            "p(95)": 55.551,
            "avg": 30.767295681063118
        },
        "http_req_failed": {
            "passes": 0,
            "fails": 301,
            "thresholds": {
                "rate<0.01": false
            },
            "value": 0
        },
        "iteration_duration": {
            "avg": 1031.4193947233348,
            "min": 1015.311125,
            "med": 1028.2245415,
            "max": 1076.8745,
            "p(90)": 1044.3557038000001,
            "p(95)": 1055.3797600999999
        },
        "http_req_blocked": {
            "p(95)": 0.032,
            "avg": 0.011920265780730821,
            "min": 0,
            "med": 0.003,
            "max": 0.388,
            "p(90)": 0.007
        },
        "data_sent": {
            "count": 144191,
            "rate": 4647.459492380656
        },
        "iterations": {
            "rate": 9.669381915058477,
            "count": 300
        },
        "http_req_connecting": {
            "min": 0,
            "med": 0,
            "max": 0.187,
            "p(90)": 0,
            "p(95)": 0,
            "avg": 0.006003322259136213
        },
        "vus": {
            "min": 10,
            "max": 10,
            "value": 10
        },
        "http_req_tls_handshaking": {
            "p(90)": 0,
            "p(95)": 0,
            "avg": 0,
            "min": 0,
            "med": 0,
            "max": 0
        },
        "checks": {
            "passes": 902,
            "fails": 0,
            "value": 1
        },
        "vus_max": {
            "value": 10,
            "min": 10,
            "max": 10
        },
        "http_req_sending": {
            "avg": 0.013222591362126203,
            "min": 0.002,
            "med": 0.009,
            "max": 0.149,
            "p(90)": 0.023,
            "p(95)": 0.033
        },
        "http_req_duration": {
            "med": 27.571,
            "max": 77.017,
            "p(90)": 46.297,
            "p(95)": 55.551,
            "avg": 30.767295681063118,
            "min": 14.709,
            "thresholds": {
                "p(95)<1000": false
            }
        },
        "http_req_receiving": {
            "avg": 0.2309933554817275,
            "min": 0.022,
            "med": 0.147,
            "max": 7.971,
            "p(90)": 0.37,
            "p(95)": 0.521
        },
        "http_reqs": {
            "count": 301,
            "rate": 9.701613188108672
        }
    },
    "setup_data": {
        "token": "eyJraWQiOiJrZXktMSIsImFsZyI6IkhTMzg0In0.eyJuYW1lIjoiYWRtaW5AYXVyYWJvb3QuY29tIiwidGVuYW50SWQiOjMxMjA3ODI2NTM3ODU0MTU2OCwibWVtYmVySWQiOjMxMjA3ODI2NTQ2NjYyMTk1Miwic3ViIjoiMDFLUkFLRzRDQk44NUNEQTc4UzVWS0ZLMTUiLCJpYXQiOjE3Nzg0NzI4NjksImV4cCI6MTc3ODU1OTI2OX0.JST4sQy0RZDYtCGQxpi6x8XV9okxcW0TKIZ6Zsj5wAn4b-Xv0GTwoW5yayVi97P_"
    },
    "root_group": {
        "id": "d41d8cd98f00b204e9800998ecf8427e",
        "groups": {
            "setup": {
                "path": "::setup",
                "id": "5c0f8025f7e0b6654089e5b00e950f1a",
                "groups": {},
                "checks": {
                        "login: status is 2xx": {
                            "path": "::setup::login: status is 2xx",
                            "id": "4d023576b21d1ff54982f33f6e2f4524",
                            "passes": 1,
                            "fails": 0,
                            "name": "login: status is 2xx"
                        },
                        "login: body is present": {
                            "name": "login: body is present",
                            "path": "::setup::login: body is present",
                            "id": "17f2b849d87360498fb6578d32a767ee",
                            "passes": 1,
                            "fails": 0
                        }
                    },
                "name": "setup"
            }
        },
        "checks": {
            "dynamic list query: status is 2xx": {
                "id": "56723cbac176ebde21a395dd8329a9ab",
                "passes": 300,
                "fails": 0,
                "name": "dynamic list query: status is 2xx",
                "path": "::dynamic list query: status is 2xx"
            },
            "dynamic list query: body is present": {
                "id": "143fd02ca0da7ef2d21c98f5779cab1d",
                "passes": 300,
                "fails": 0,
                "name": "dynamic list query: body is present",
                "path": "::dynamic list query: body is present"
            },
            "dynamic list query: API success flag/code is acceptable": {
                "name": "dynamic list query: API success flag/code is acceptable",
                "path": "::dynamic list query: API success flag/code is acceptable",
                "id": "d4aca3886803f4af735cb2f0cf5b86d4",
                "passes": 300,
                "fails": 0
            }
        },
        "name": "",
        "path": ""
    }
}